track_name,total_streams,max_weeks
CRAZYZ,16476769,2
July,8286512,42
I Hate It Here,33553632,2
We Don't Talk Anymore (feat. Selena Gomez),57251678,56
FIRST LOVE,157973352,13
VINO TINTO,21558275,2
all of me,23466160,2
imgonnagetyouback,63106491,4
Somebody Save Me,22744890,2
Thick Of It (feat. Trippie Redd),9794698,1
Tomorrow,12877575,1
Swim,62985207,13
Surround Sound (feat. 21 Savage & Baby Tate),166927204,19
M.A.I,34884933,4
Madonna,447883583,32
Two Faced,26200865,2
First Person Shooter (feat. J. Cole),53434378,18
I Gotta Feeling,16823636,4
Ice Attack,14523053,1
"""Carol of the Bells (From """"Home Alone"""" Soundtrack)""",84769011,16
Deck The Hall,55938238,11
Please Come Home for Christmas - 2013 Remaster,32014257,9
La Víctima,360968856,25
Water,568874448,57
Starboy,746130082,222
Selfish,18428680,2
The Manuscript,16581599,1
Snooze,564463507,97
Set Fire to the Rain,252830212,80
Scared To Start,465039444,37
Take on Me,337854701,51
Snowman,178786854,40
No Te Quieren Conmigo,27374075,3
Breathe,65129645,6
"Good Luck, Babe!",1093444354,38
Counting Stars,539966727,193
Cold Heart - PNAU Remix,232248083,145
Volver Al Futuro,106031128,9
UWAIE,209183942,15
La La La,10675332,1
The Real Slim Shady,145175184,128
Popular (with Playboi Carti & Madonna),132509719,44
Like Him (feat. Lola Young),156115300,10
FLAMENCO,9098725,1
I Want It That Way,35791468,4
Agora Hills,208204027,30
so american,21504913,2
Claustrophobic,11306391,1
JUST FOR FUN,9639333,1
500lbs,113332774,22
Stumblin' In,314480651,27
Not Like Us,978670627,35
Armageddon,43125122,4
Pink Pony Club,244966170,22
Evil,14804135,1
That’s So True,409792131,11
Happy Holiday / The Holiday Season,10993726,2
Locked out of Heaven,681261495,134
Everybody Wants To Rule The World,363812695,104
Take Me To Church,476891454,171
These Walls,13104607,1
TOMMY & PAMELA,36398241,4
Thriller,10597355,7
Rebirth (Intro),9135576,1
gloria (with sza),31112126,2
Home,149265113,13
Alibi (with Pabllo Vittar & Yseult),380969347,22
Rolling in the Deep,36224243,35
Grenade,37736205,4
+57,59633178,4
POCPOC,8997253,1
Corazón de Piedra,173836388,12
But Daddy I Love Him,146822004,7
SKINNY,85415389,5
"Perdonarte, ¿Para Qué?",9309685,1
Slow Dance (feat. Sofia Carson),10200275,1
Sailor Song,490314094,20
Tal Vez Fui Yo,9293872,1
Malvadinho,40722907,4
Lucid Dreams,66661411,203
Closer Than This,38626278,5
Igual Que Un Ángel (with Peso Pluma),196973231,11
sneaky,12097600,1
Huntin’ Wabbitz,8943622,1
Espresso,1756174447,38
Red Wine Supernova,196597726,18
"Darling, I (feat. Teezo Touchdown)",65729539,4
Christmas Child,12679140,34
BAND4BAND (feat. Lil Baby),278603068,15
SI NO ES CONTIGO,332117991,25
Don't Start Now,43284752,164
Best Part (feat. H.E.R.),131493683,28
Santa Tell Me,195175602,51
Christmas Without You,12499510,4
Apocalypse,581365675,129
Fried (She a Vibe),9739085,1
Whatever She Wants [BONUS],12062729,7
Feel It - From The Original Series “Invincible”,82759520,8
Sympathy is a knife featuring ariana grande,14799789,1
Christmas Time Is Here,27553345,4
Run Rudolph Run - Spotify Singles Holiday,31943541,2
Cruel Summer,1157720792,100
II MOST WANTED,47773062,3
Judge Judy,24912524,2
Khé?,137783221,7
Heat Waves,298429863,185
Whatever,239740235,23
A Bar Song (Tipsy),1005982136,38
Merry Christmas Everyone,70763962,37
Standing Next to You,559374925,53
Forever,10972110,1
Runnin Outta Time,10395953,1
Last Christmas - Single Version,77917313,55
Parking Lot,22421122,2
Blue Christmas,61018079,33
Descer Pra BC,32972358,3
FE!N (feat. Playboi Carti),857328042,68
Dark Red,197128359,128
Say Yes To Heaven,50965065,35
Doctor (Work It Out) [feat. Miley Cyrus],10058191,1
eternal sunshine,63273359,4
HUMBLE.,29379302,99
Slim Pickins,30133615,2
Those Eyes,93364867,51
Saturn,612472784,39
FRI(END)S,149881807,13
7 Minute Drill,14687368,1
Una Velita,11319074,1
I Hope You Find Your Way Home,10391924,1
Poker Face,8230062,1
EL AMOR DE SU VIDA,159840279,36
REAL GANGSTA LOVE,297562684,16
Tu Boda,363663973,13
Santa Claus Is Coming To Town,21209114,19
MY ROSE,10192726,1
CRAZY,76059957,7
BABY I'M BACK,48416197,5
Sorry,8826719,32
What Makes You Beautiful,61549651,8
reincarnated,41877283,2
Feliz Navidad,126984207,39
ROMPE LA DOMPE,79594997,7
DEJA VU,40658755,5
In The Stars,53318592,24
SMOKE HOUR ★ WILLIE NELSON,10027908,1
The Albatross,36077910,2
28,58065091,5
heart pt. 6,35508350,2
Es un Secreto,324911580,49
Ohnana,177468726,14
São Paulo (feat. Anitta),83211554,6
Can't Hold Us (feat. Ray Dalton),448925520,143
Beautiful Things,1696004562,50
BEG FORGIVENESS,11802992,1
TYRANT,10068729,1
Gosta De Rua - Ao Vivo,19743760,2
Have Yourself A Merry Little Christmas - Remastered 1999,53960629,7
Overdrive (feat. Norma Jean Martine),78486060,9
Thinkin Bout You,8435333,1
ordinary things (feat. Nonna),14784408,1
Calm Down (with Selena Gomez),118381737,82
Mr. Brightside,295596147,149
I Love You So,600957833,138
MI EX TENÍA RAZÓN,122105567,33
DJ Got Us Fallin' In Love (feat. Pitbull),8535915,1
DEGENERE 👑 (feat. benny blanco),173064379,11
Breakin' Dishes,8904296,1
Just the Way You Are,621920763,104
MTG QUEM NÃO QUER SOU EU,70822209,6
Smeraldo Garden Marching Band (feat. Loco),95226945,5
Sprinter,26167891,33
My Boy Only Breaks His Favorite Toys,153412579,7
Mírame,251105111,20
wacced out murals,59622390,3
One More Sleep,11142148,10
Vois sur ton chemin - Techno Mix,79286333,19
BACK TO ME,30865202,2
Slimed In,12086994,1
Africa,70701185,70
El Beneficio De La Duda,10075965,1
Praise Jah In The Moonlight,248122758,15
Don’t Smile,24975804,2
LA FALDA,450940603,36
act ii: date @ 8,54188571,6
AY MAMÁ,90145499,9
Never Lose Me,178548654,13
Blinding Lights,664512000,266
Flashing Lights,99937191,25
LA DURANGO,21834459,2
See You Again (feat. Kali Uchis),749241213,97
KEEP UP,66883727,6
I Smoked Away My Brain (I'm God x Demons Mashup) (feat. Imogen Heap & Clams Casino),18445078,2
tv off (feat. lefty gunplay),159243267,6
Pehle Bhi Main,71915736,10
DILUVIO,85599137,16
true story,32695435,2
Get It Sexyy,8950780,1
Primera Cita,118733815,38
i wish i hated you,29867389,2
meet the grahams,47532151,3
Back To Black,8921591,1
Mejores Jordans,18224888,2
Heartless,198500725,44
Jimmy Cooks (feat. 21 Savage),41902807,81
offline,119979074,11
Danza Kuduro - Cover,9835621,32
Photograph,103598986,167
2 hands,25537596,2
Jingle Bell Rock - Daryl's Version,14476755,20
LALA,150823661,40
Father Stretch My Hands Pt. 1,128667678,17
Too Many Nights (feat. Don Toliver & with Future),98478295,53
Ain't No Sunshine,113367464,12
Saturn Returns Interlude,15912093,1
Lose My Breath (Feat. Charlie Puth),9249896,1
Hoy,8935265,1
UP - KARINA Solo,9645992,1
The Christmas Song (Merry Christmas To You),88000557,37
Lose Yourself,69572890,134
The Hills,103812600,100
DAUGHTER,13778883,1
GATITAS SANDUNGUERAS - VOL.1,43559998,4
Gangsta's Paradise,193540593,94
Move,356428522,24
Be Mine,72681267,7
Forever Young,218248915,19
I Ain't Worried,356333792,114
CONTIGO (with Tiësto),99374529,8
I Look in People's Windows,30412831,2
Seven Nation Army,66543359,7
Ain't No Love In Oklahoma (From Twisters: The Album),83976292,9
Shape of You,146998228,347
TÚ NAME,184520122,16
Ghost,174735855,134
BIRDS OF A FEATHER,1756722510,33
"I miss you, I’m sorry",27231316,3
Trance (with Travis Scott & Young Thug),77440910,39
That's What I Like,374842680,125
Nasty,65582118,6
Come back to me,14286069,1
Easy On Me,164544688,104
What Don't Belong To Me,9177399,1
Jingle Bells - Remastered 1999,55331234,17
Me Leva Pra Casa / Escrito Nas Estrelas / Saudade - Ao Vivo,18887585,3
ALLIIGATOR TEARS,10266072,1
capaz (merengueton),20714816,2
Cassandra,28287614,2
La Bachata,510506565,122
Shut up My Moms Calling,558411247,103
imperfect for you,28179306,2
LEVII'S JEANS,14790840,1
Wunder,11000908,1
Please Please Please,1130876986,30
Did It First (with Central Cee),69014921,5
Joy To The World,12535409,9
Baby It's Cold Outside (with Michael Bublé),11773620,4
I'm Good (Blue),519901258,117
CARNIVAL,481415190,20
loml,94025099,5
Guess featuring billie eilish,399088431,22
Don't Look Back In Anger - Remastered,10922416,1
Don't Dream It's Over,19929674,2
Barbie,128497725,10
To Ashes and Blood (from the series Arcane League of Legends),10345673,1
Santa Baby (with Henri René & His Orchestra),51176889,19
exes,159788823,20
505,548799588,156
The Sound of Silence - CYRIL Remix,230175707,24
Running Wild,154166436,7
hey now (feat. dody6),53254728,3
Hey Jane,26265317,2
NADIE,98859892,6
Winter Ahead (with PARK HYO SHIN),91472302,5
End of Beginning,1189270302,46
Robin,15584154,1
Disease,55347116,4
Defying Gravity,52785699,4
Christmas Tree Farm,25826774,7
supernatural,45963727,3
Sundress,55960640,7
Billie Jean,65650077,9
Close To You,77555486,7
A Nonsense Christmas,54117711,3
As It Was,778455954,143
IDGAF (feat. Yeat),116403611,23
"Sex, Drugs, Etc.",17381868,32
SABOR FRESA,16950415,28
LUNCH,589323745,26
Lose Control,1281676809,60
"""Satranga (From """"ANIMAL"""")""",26043653,7
Hell N Back (feat. Summer Walker),46338713,5
Rim Tim Tagi Dim,10807462,1
Cosas Pendientes,19340043,2
Que Onda,377877327,47
Dreams - 2004 Remaster,159178612,85
The Emptiness Machine,357224394,17
Rockin' Around The Christmas Tree,258186713,52
Viva La Vida,662976811,123
LA PEOPLE,16941101,8
Karma,34037993,44
Lies Lies Lies,84717962,7
You’re Losing Me (From The Vault),36264407,9
STARS,26623425,2
Satu Bulan,123997791,10
Let It Snow! Let It Snow! Let It Snow!,174203615,37
Softcore,71164635,45
H.Y.B. (feat. Bas & Central Cee),10003879,1
PELIGROSA,271738046,21
Could You Be Loved,17112836,2
Your Love,234537852,25
Push Ups,80473664,4
This Is What You Came For,8708636,31
5-7,9524131,1
Prada,337603264,46
"Young Miko: Bzrp Music Sessions, Vol. 58",159749857,10
letter to my brudda,8506424,1
Santa,544989467,34
Good Graces,169746050,12
SE ME OLVIDA,105844675,9
"Louco, Louco - Ao Vivo",9475287,1
TEFLON DON,9576757,1
White Christmas - 1947 Version,49996591,37
"Baby, It's Cold Outside",9860385,8
The Black Dog,51782137,3
Who,1079797424,24
Soltera - W Sound 01,19064229,2
What Is This Feeling?,40799806,4
Fairytale of New York (feat. Kirsty MacColl),43595093,31
PUSH 2 START,34115679,3
Like It's Christmas,15063475,8
BELLAKEO,259216256,20
Don’t Blame Me,144292721,86
Heather,141477797,157
The Color Violet,79552141,54
Carry You Home,8666790,1
Fui Mlk,19582443,2
Lovin On Me,480513819,32
Maria Mariah,19220630,2
née-nah,56685340,4
Think U The Shit (Fart),19470260,2
Regalo De Dios,167506313,17
FRIED,8842356,1
Rey Sin Reina,116522869,11
Blank Space,24849365,108
PROBLEMATIC,10345514,1
euphoria,217610552,12
Over Each Other,12550313,1
Christmas (Baby Please Come Home),106613688,24
Messy,76188899,4
Jingle Bells (feat. The Puppini Sisters),10918972,6
Creepin' (with The Weeknd & 21 Savage),118907043,68
Somewhere Only We Know,476660608,110
Fortunate Son,61638662,7
Cuando Te Vi | CROSSOVER #5,17949668,2
Faint,103715019,11
Beanie,78061376,7
Mockingbird,347989813,99
Moonlight,63727447,49
Mamichula - con Nicki Nicole,55463864,19
LA RANGER (feat. Myke Towers),29052767,3
The Code,28472206,2
Lover,281832343,72
Pink + White,591662177,85
Crocodile Tearz,12011369,1
The Prophecy,57250903,4
Tiryakinim,9361371,1
Hey Santa Claus,14034198,36
Runaway,78895924,11
TUTA GOLD,37263179,3
VULTURES,12788706,1
Buscando Money,17313005,2
Like That,514475384,25
Summer,52806982,6
ESCAPATE,213660011,17
Strangers,260570456,33
STAY (with Justin Bieber),439485851,171
Entre las de 20,57271014,5
LA PATRULLA,372739546,28
Freaks,63227652,65
Creep,318571861,57
Don't Stop Believin' (2022 Remaster),355952749,42
Jo Tum Mere Ho,137248620,12
Save Your Tears,151448231,170
Every Breath You Take,582333844,160
Demons,440772031,103
PAPERWORK,13503054,1
Make You Mine,27230032,3
Run Rudolph Run,60169366,25
Like Crazy,385851180,69
Wake Me Up,119945120,106
Fast Car,26855093,29
Deja Vu,8583078,1
Pedro,249246125,17
Só Fé,34479435,3
NEW DROP,105310256,10
PIÉNSALO,46934849,5
Paint The Town Blue (from the series Arcane League of Legends),18708674,2
don't wanna break up again,44028649,3
Fall Back,66585962,6
Soltera,112216719,9
Nueva Era,21355209,2
DEPORTIVO,8227331,1
Un Desperdicio,42464919,4
Mtg Forró e Desmantelo,18970996,2
Si No Estás,208922165,31
Young Metro,29651637,2
Jingle Bell Rock,221784411,50
EASY,65644630,6
Unforgettable,366262797,114
Shut Up and Dance,180798587,20
Sweet Dreams (Are Made of This) - 2005 Remaster,25966930,3
Loco,11446814,1
Die With A Smile,1395375339,20
Q U E V A S H A C E R H O Y ?,222464504,14
dangerous,11437647,1
SPAGHETTII,13533767,1
BBY BOO - REMIX,37200853,4
WILDFLOWER,681251585,33
Black Friday (pretty like the sun),106527340,10
"""Aaj Ki Raat (From """"Stree 2"""")""",28429148,3
One Step Closer,38412652,5
Payphone,8678285,52
Little Saint Nick - 1991 Remix,43906841,15
Thank God It's Christmas - Non-Album Single,29644538,13
Here Comes Santa Claus (Right Down Santa Claus Lane),12376051,3
One Dance,527896131,223
La Intención,40277841,4
i like the way you kiss me,1085248367,41
We Still Don't Trust You,27150224,2
Supernova,85960045,7
Pink Skies,288186659,23
PROMOTION,8587642,1
Heart on the Window (with WENDY),9074612,1
"dodger blue (feat. wallie the sensei, siete7x, roddy ricch)",48388557,3
toxic till the end,69940046,4
Stick Season,924919729,64
I Wanna Be Yours,993418027,130
Feather,545384005,47
ONE CALL,228812087,19
100 MESSAGGI,8249034,1
L’AMOUR DE MA VIE,160059732,11
White Christmas (with V of BTS),25907114,2
QUE VUELVAS,8228894,40
prove it,9743353,1
Europapa,54559026,4
Renaissance,19573901,1
I'll Be There,44154683,3
number one girl,69581376,5
All The Stars (with SZA),358035771,81
hotline (edit),27629308,4
The Tortured Poets Department,136276197,6
HOT TO GO!,444650830,29
"I Love You, I'm Sorry",375530256,22
Just Give Me a Reason (feat. Nate Ruess),17939060,2
Love Somebody,63295008,5
Let Me Down Slowly,18041390,82
Skin and Bones,10478308,1
BITTERSUITE,59244153,4
California Sober (Feat. Chris Stapleton),9040396,1
Lie To Girls,23320463,2
NIGHTS LIKE THIS,399289450,28
Sinceramente,11744002,1
we fell in love in october,79667831,24
Winter Wonderland - Remastered 2006,12393186,6
feelslikeimfallinginlove - Single Version,20814430,2
Rosas,8888003,1
Paint The Town Red,397492919,51
Casa Mia,9631062,1
Type Shit,332796181,25
Puntería,9812988,1
vampire,378911665,54
Babydoll,98515952,11
MILLION DOLLAR BABY (VHS),19982438,2
misses,36908251,4
Imagínate,8907104,1
Iris,583946012,70
Unstoppable,25641113,76
Safe and Sound,18236748,2
ROSONES,114744011,4
la noia,11411679,1
NEURON (with Gaeko & YOON MIRAE),11307544,1
Stargazing,589500116,33
THE DINER,75478278,5
Rockstar,196924219,12
Someone Like You,105482758,22
Presidente,151027521,10
Let Me Love You,15686914,49
Unwritten,609210258,45
Guilty as Sin?,214092486,13
It Will Rain,60398074,5
"Natanael Cano: Bzrp Music Sessions, Vol. 59",92426677,6
Cry,93218567,7
"BESAME (feat. Tiago PZK, Khea & Neo Pistea) - Remix",33668763,3
Give Me Everything (feat. Nayer),212760037,22
FIELD TRIP,26060150,2
What Christmas Means To Me,10004800,8
Super Shy,33871361,28
Believer,439770543,404
HISS,29852881,2
SI SABE FERXXO,8783985,1
Orion,16945560,2
"Untungnya, Hidup Harus Tetap Berjalan",60235259,6
Ric Flair Drip (with Metro Boomin),8790448,68
august,258967029,72
bye,75743775,5
Magnetic,352625696,22
Toxic,9023039,1
Cupid (Twin Ver.) - Live Studio Version OT4,16120110,40
II HANDS II HEAVEN,8482086,1
Summertime Sadness,445138433,118
Dancing Queen,16894172,2
Evergreen,526892484,44
The Smallest Man Who Ever Lived,107941691,6
Apaga El Cel,42673282,5
Fresh Out The Slammer,80264622,4
DEVIL IS A LIE,124034151,10
You Shook Me All Night Long,110197632,12
The Door,157764777,16
Remember Me (from the series Arcane League of Legends),9283657,1
Según Quién,395510123,49
Danza Kuduro,389988747,56
Until I Found You (with Em Beihold) - Em Beihold Version,103380960,64
It's Beginning to Look a Lot like Christmas,144672493,48
Ya Te Olvide,28699895,3
EL CLúB,44227803,3
Seven (feat. Latto) (Explicit Ver.),821274062,77
CLASSY 101,140647348,54
TEXAS HOLD 'EM,463352204,22
All I Want for Christmas Is You,323327236,66
The Night We Met,947908929,115
Poco A Poco,136660344,14
When I Was Your Man,496660447,113
Too Sweet,1198687631,41
Who’s Afraid of Little Old Me?,185345918,10
Guy For That (Feat. Luke Combs),61578753,5
squabble up,139676974,6
Holly Jolly Christmas,112996814,41
PROTECTOR,11235625,1
"Girl, so confusing featuring lorde",11036482,1
Treasure,20601010,2
Riptide,680946505,203
HOODRAT,11213960,1
Mamushi (feat. Yuki Chiba),143941519,11
lovely (with Khalid),549092023,350
(It Goes Like) Nanana - Edit,8800389,22
just like me,8511674,1
A Sky Full of Stars,245586027,24
TALKING,19503365,1
So High School,75306259,5
Digitando,50217233,5
"Hey, Soul Sister",17556488,2
peekaboo (feat. azchike),33080702,2
Popular,35861898,3
Cópia Proibida,8573145,1
un x100to,93684231,46
Die For You (with Ariana Grande) - Remix,24967071,39
J CHRIST,8855809,1
PAID,15158082,1
Made For Me,77401615,8
Back On 74,26949310,3
Smack That,8741821,1
I Saw Mommy Kissing Santa Claus,11956473,8
Scorsese Baby Daddy,8117044,1
LUNA,1001587579,56
Murder On The Dancefloor,237002776,16
BADGYAL,18483222,2
Husn,76722991,8
Diamonds,8072789,14
Piel,37805671,4
SPOT!,58593183,5
us. (feat. Taylor Swift),25229110,2
Road Rage,10313833,1
Diet Pepsi,212632607,17
Timeless (feat Playboi Carti),384564365,14
Stained,10254320,1
Favorite,121077755,11
360,176087409,15
Sharpest Tool,44820053,3
KINTSUGI,9970469,1
This Is Halloween,9823051,3
"Santa, Can’t You Hear Me",43550220,11
Smart,106364299,10
LA PEOPLE II,79651958,6
GIRLS,41515070,4
Die For You,619268465,151
Anti-Hero,198978576,79
Without Me,554492131,171
Skyfall,89309100,10
Everyday Hustle,9091635,1
Ghostbusters,11655453,3
Marilag,8645448,1
How Did It End?,35372616,2
300 Noches,19855620,2
Balloon (feat. Doechii),21608458,2
on one tonight,67582577,7
Happy Xmas (War Is Over) - Remastered 2010,78468808,38
Daylight,416821443,72
JOLENE,30130461,2
Down Bad,251012934,12
"So Long, London",175554911,8
I Remember Everything (feat. Kacey Musgraves),611841643,65
act ii: date @ 8 (feat. Drake) - remix,24862884,2
Slow It Down,549231058,36
Saveiro,18589716,2
IGYEIH,9084628,1
Numb,360797826,44
16 CARRIAGES,13218830,1
La Vida Sin Ti,20520067,2
Take Your Mask Off (feat. Daniel Caesar & LaToiya Williams),25036004,2
I'll Be Home,14064455,7
Bling-Bang-Bang-Born,178827370,15
if u think i'm pretty,117190733,11
sining (feat. Jay R),99213069,9
Can't Stop,18571286,2
The Line (from the series Arcane League of Legends),34305052,3
Here Comes Santa Claus (Right Down Santa Claus Lane) - 1947 Version,35891434,7
Kill Bill,724850295,108
Perfect Night,73810112,17
Save Your Tears (Remix) (with Ariana Grande) - Bonus Track,33254716,106
Steal My Girl,11453605,1
Bad Dreams,100501645,9
Empty Out Your Pockets,45203706,4
Holiday Road - Spotify Singles Holiday,17291341,1
"One Of The Girls (with JENNIE, Lily Rose Depp)",1209202718,65
Winter Wonderland - Spotify Singles Holiday,60524908,6
Misfit,9919209,1
"yes, and?",383456045,19
redrum,436521802,23
Si No Quieres No,421970955,31
"Sticky (feat. GloRilla, Sexyy Red & Lil Wayne)",167789296,10
Ransom,79034099,68
Oh Garota Eu Quero Você Só Pra Mim,24259667,2
cardigan,173211062,69
Modo DND,54514795,6
In the End,546337326,73
Money Trees,74401933,55
RIIVERDANCE,9617032,1
Hold the Line,54007393,6
Wrong Ones (Feat. Tim McGraw),11120704,1
Dancing In The Flames,72934836,5
Mantra,182694034,11
Mele Kalikimaka (Merry Christmas),41497515,6
Love Me Again,545789605,70
ADIVINO,231040293,17
HIGHEST IN THE ROOM,183494234,109
Juno,233724386,18
APT.,747736282,11
Highway to Hell,173014122,23
NEL,192998036,15
Whiplash,80115515,7
"Merry Christmas, Happy Holidays",12282584,8
Lollipop,8143784,12
Sparks,179640629,24
feelslikeimfallinginlove,9467282,3
オトノケ - Otonoke,67363744,7
I Killed You,23657840,2
Driving Home for Christmas - 2019 Remaster,61640403,36
This Christmas,13227039,5
Dandelions,403113328,164
DRIP,28471456,3
Underneath the Tree,153500525,39
wherever u r (ft. V of BTS),20382688,2
Belong Together,554338506,36
"""Sajni (From """"Laapataa Ladies"""")""",80199538,8
Morena Canela,50204385,5
Let It Snow! Let It Snow! Let It Snow! (with The B. Swanson Quartet),54191848,40
We Found Love,386768688,83
ELOVRGA,35001809,21
thanK you aIMee,37248403,2
THE GREATEST,84697933,5
Kata Mereka Ini Berlebihan,8957349,1
My Only Wish (This Year),41046247,26
QLONA,584882470,63
BLUE,158339775,10
Trouble,14866438,1
Ma Meilleure Ennemie (from the series Arcane League of Legends),158137965,6
Tu No,8736241,1
Talking to the Moon,90375627,64
Brand New Dance,16835857,1
goosebumps,416694817,271
ROCKSTAR,96548268,10
The Alchemy,78301535,4
Lucifer,13939297,1
Patrai,9164238,1
Story of My Life,94032812,8
Casualty,9714010,1
AMERIICAN REQUIEM,14595101,1
Santa Claus Is Coming to Town,10863367,18
Coração Partido (Corazón Partío) - Ao Vivo,9429073,1
Timber,8489463,1
Have You Ever Seen The Rain,426172403,59
Macetando,11626550,1
Guilty Conscience 2,11580714,1
We Wish You A Merry Christmas,13997791,35
We Don't Trust You,30922095,2
Moonlit Floor (Kiss Me),181884374,10
No Pole,86237823,8
luther (with sza),222189830,6
Wonderful Christmastime - Edited Version / Remastered 2011,78894354,39
BMF,26861413,2
Uptown Funk (feat. Bruno Mars),8035669,2
Houdini,855316112,36
fukumean,263188094,52
Coincidence,72271477,6
Closer,25358351,183
Open Arms (feat. Travis Scott),8202887,3
Standing Next to You - Sped Up - Remix,15367818,17
obsessed,82895156,6
Sex on Fire,62567696,7
It's ok I'm ok,78254450,6
Noid,65821377,4
You Make It Feel Like Christmas (feat. Blake Shelton),29953594,12
"Santa Claus Is Comin' to Town - Live at C.W. Post College, Greenvale, NY - December 1975",22019354,14
should've wore a bonnet,9784192,1
red sky,9099918,1
Florida!!! (feat. Florence + The Machine),126620254,6
I Had Some Help (Feat. Morgan Wallen),856536647,34
Dilaw,9416609,1
Bad One,8711999,1
LOU LOU,16506868,12
Magic Don Juan (Princess Diana),10446240,1
Bed Chem,379686952,19
drinks or coffee,9786261,1
Resenha do Arrocha,8417267,1
La Diabla,608937951,30
I KNOW ?,197451714,40
Perfect,284917993,379
Maps,136449425,19
Taste,687380031,19
Wonderwall - Remastered,53343103,107
HABLAME CLARO,19577887,2
BEST INTEREST,9197638,1
n.h.i.e.,40076930,3
I Don't Wanna Wait,389568530,30
Stressed Out,38687689,50
Fortnight (feat. Post Malone),748735186,33
Family Matters,52787956,3
Revenge,186712137,74
Pour Me A Drink (Feat. Blake Shelton),60408839,5
BUTTERFLY EFFECT,73916704,80
Femininomenon,8467671,1
Disco,90187497,9
pop ur shit,12001122,1
New Woman (feat. ROSALÍA),157067632,9
Embrace It,156882758,11
Here With Me,77407630,69
Say You Won't Let Go,472297019,334
Clara Bow,55728973,3
No One Noticed,70649353,7
Cinderella,75882886,5
Sagrado Profano,9145503,1
Good Things Go,9665691,1
Rudolph The Red-Nosed Reindeer,35320829,8
YA YA,12374769,1
3D (feat. Jack Harlow),179265069,30
Ain't No Mountain High Enough,17341155,2
Feel Good Inc.,53414095,6
Sideways,8307746,1
LOS CUADROS,88254601,9
WHATCHU KNO ABOUT ME (feat. Sexyy Red),28844714,3
Do They Know It's Christmas? - 1984 Version,54023444,38
Another Love,694735824,195
"""""""Slut!"""" (Taylor's Version) (From The Vault)""",16474295,9
Bones,75440815,99
Cut the Bridge,11895601,1
BURN,94908215,7
LOST!,13610233,1
Step Into Christmas - Remastered 1995,54010495,24
Santa Baby,14192408,1
greedy,1032398932,67
Flowers,693416465,103
Let's Go 4,18446814,17
Angels Like You,8245378,34
Where Are You Now,43535315,75
Revolú,9593765,1
Rich Baby Daddy (feat. Sexyy Red & SZA),198059480,27
Una Foto Remix (feat. Emilia),143409545,13
we can't be friends (wait for your love),1121110403,43
Nobody Gets Me,261420458,39
Hide Away,8959707,1
Drugs You Should Try It,10138136,1
Heavy Is the Crown,167680664,13
Frosty The Snowman,12363401,3
SLIDE,8817054,1
MONACO,110333909,21
Yellow,720523166,211
No Role Modelz,164993595,144
TQG,16507163,44
"Pricey (feat. Ari Lennox, Young Dro & Gucci Mane)",8721014,1
Cowgirls (feat. ERNEST),71893488,8
Sweater Weather,882341931,227
Reggaeton Champagne,17629424,14
Hips Don't Lie (feat. Wyclef Jean),197499089,22
Pumped Up Kicks,53830344,8
Tell Ur Girlfriend,148735792,9
Jump,27692548,3
The Bolter,28181839,2
Tough,86171196,6
PIToRRO DE COCO,10074140,1
My Love Mine All Mine,949561528,67
La Bebe - Remix,26331187,44
Thank You (Not So Bad),134517656,15
Casual,105767784,11
St. Chroma (feat. Daniel Caesar),113661496,6
Popular (with Playboi Carti & Madonna) - From The Idol Vol. 1 (Music from the HBO Original Series),270259006,57
Santa's Coming for Us,13922049,13
Winter Wonderland,13226704,1
Ella Baila Sola,46098863,46
My Boo,8464651,1
Love On,9386776,1
Do You Hear What I Hear? - Remastered 2006,13235712,4
Whatever She Wants,168466212,14
I LUV IT (feat. Playboi Carti),19657243,2
Mtg Quero Te Encontrar,38665195,4
blue,68551469,5
BODYGUARD,26480620,2
You & I,8991878,1
Merry Xmas Everybody,9903574,2
Godzilla (feat. Juice WRLD),32999957,87
Elvira,91657897,10
Neva Play (feat. RM of BTS),58974865,4
Nonsense,576519983,101
Peter,29496784,2
Never Let Go,55562921,4
Apple,165992336,12
ocean eyes,27260421,75
No. 1 Party Anthem,84702869,8
All Girls Are The Same,45775227,92
LADY GAGA,105146992,37
Antichrist,13012310,1
Dance The Night - From Barbie The Album,205942888,48
Training Season,327680260,25
Lady Killers II,40008887,4
Y LLORO,239116208,35
Night Changes,580699701,114
one of wun,209943132,21
Chk Chk Boom,59658655,5
man at the garden,38401151,2
Mistletoe,89729876,43
I Wish It Could Be Christmas Everyday,10768593,5
KEYS TO MY LIFE,13713012,1
Why Why Why,9953521,1
It's Up (feat. Young Thug & 21 Savage),9491490,1
Lovers Rock,502305541,79
Not Allowed,50968265,8
ANDO,114262156,16
Stargirl Interlude,214545932,96
AMARGURA,438167551,75
O Me Voy O Te Vas,34173354,4
MILLION DOLLAR BABY,1007065492,36
Si Antes Te Hubiera Conocido,855291765,28
Giza,35454995,4
Amapola,41088581,4
FTCU,64327434,8
How Sweet,41145878,4
HAY LUPITA,59211398,6
Bye Bye Bye - From Deadpool and Wolverine Soundtrack,338993562,20
It's the Most Wonderful Time of the Year,153911360,47
HARLEY QUINN,214925917,25
DO IT,22567488,2
the boy is mine,229762677,18
BLACKBIIRD,13991860,1
SHEESH,114212335,10
Gala bunga matahari,38068397,4
It's Beginning to Look a Lot Like Christmas (with Mitchell Ayres & His Orchestra),92241114,35
Can’t Catch Me Now - from The Hunger Games: The Ballad of Songbirds & Snakes,62669496,14
Lil Boo Thang,16421754,2
THE BOX MEDLEY FUNK 2,18175536,2
Thunderstruck,43572379,5
Rah Tah Tah,52150588,3
Alucin,117509505,11
Is It Over Now? (Taylor's Version) (From The Vault),146831042,22
intro (end of the world),223365501,16
I Can Do It With a Broken Heart,465696188,25
Tobey (feat. Big Sean and BabyTron),39626487,3
Se Fue,24914297,2
Columbia,111903778,35
Do I Wanna Know?,113068241,130
"I P’ ME, TU P’ TE",25442203,2
CHIHIRO,597726413,33
"""Tauba Tauba (From """"Bad Newz"""")""",43653503,4
Sleigh Ride,121515454,36
MY EYES,134355656,20
Qué Pasaría...,152493364,7
Overflow,9691463,1
Lan,37904170,3
DOS DÍAS,276428138,18
Austin (Boots Stop Workin'),682387660,42
"Ride Or Die, Pt. 2 (with Villano Antillano & Tokischa)",88919150,8
Mon amour,9954090,1
Someone You Loved,600645150,311
Linger,17769320,3
Romantic Homicide,375579428,109
Head Honcho,9009950,1
Love Yourself,8947621,55
Thought I Was Dead (feat. ScHoolboy Q & Santigold),38906677,3
Merry Christmas,67625105,16
Party In The U.S.A.,26982502,6
drunk text,88087495,9
Illusion,91161390,7
" The Crypt-Kickers""",2,-1
Last Christmas,255660934,60
Christmas Lights,16302941,19
Sure Thing,332585745,89
Touch,119045647,11
ALL RED,49175134,3
Después De La 1,154329008,12
Young And Beautiful,79728063,9
Habits,18838907,1
gervonta,46542498,4
O Holy Night,16280689,1
30 For 30 (with Kendrick Lamar),25262634,2
"""What Was I Made For? [From The Motion Picture """"Barbie""""]""",558150985,70
Chloe or Sam or Sophia or Marcus,33267386,2
Hallelujah,57223221,16
Last Night,306150181,77
Gata Only,1350249475,47
El Boss,35691296,4
If We Being Rëal,30389862,3
EL LOKERON,285619815,18
BANDIT,47839254,5
The Scientist,104224075,37
I Can Fix Him (No Really I Can),71138527,4
The Man He Sees in Me,9089456,1
Fuel,16228638,1
I’ll Be There,47946466,7
Sunflower - Spider-Man: Into the Spider-Verse,546280993,314
Something Just Like This,523851101,240
FUK SUMN,55373407,4
Watermelon Sugar,224859587,225
September,209394045,30
KEHLANI,250949280,20
Temporary,10551371,1
Última Saudade - Ao Vivo,17926431,2
"gnx (feat. hitta j3, youngthreat, peysoh)",18030258,1
ME JALO,9395212,1
PERRO NEGRO,555091508,52
Yeah! (feat. Lil Jon & Ludacris),48884621,5
APAGA EL CEL,111559851,10
QUEMA,29170758,12
Why'd You Only Call Me When You're High?,156400045,124
Perna Bamba,10683040,1
Renklensin,21598363,2
SORRY 4 THAT MUCH,162648122,13
Big Dawgs,285286125,15
A Holly Jolly Christmas,11709740,33
Something in the Orange,425816165,95
golden hour,16759024,70
A Tu Manera,17312483,2
Dumb & Poetic,25941396,2
Tú Con Él,31680435,3
